ID,Target
ID_OdrVnE_20110615,0.45825168853794107
ID_MdWBtG_20230910,0.7165938835087158
ID_YQ3N92_20180517,2.4429803420631484
ID_73qWlF_20130902,0.430362922686901
ID_3u9JmK_20210212,6.050365575856524
ID_dg5ysG_20161127,6.9347124982992066
ID_T3z2bW_20160330,5.457424495391226
ID_jFjub9_20130101,4.744198454642157
ID_Fuz8ZP_20201101,8.817336905550384
ID_bacUDk_20190503,2.2296438960112974
ID_Di6jMk_20180512,2.08524934663491
ID_3qgMNX_20130609,0.02014367660695013
ID_VXGbRO_20231116,2.227674563668207
ID_ZOSL1r_20221115,3.992753284671883
ID_XGJHk0_20211125,10.984042153802795
ID_xeEUQ5_20200614,0.058590464173202364
ID_zzX6T3_20200518,0.7753253534085222
ID_HBqEBR_20190304,2.8281492304131564
ID_eDWOFo_20151218,45.80778532208986
ID_bdZYyK_20170529,0.6828401311138347
ID_6uvGRF_20160804,0.00197373058751644
ID_1zE697_20231101,10.374795224608782
ID_ysCO8C_20140317,8.167325124116102
ID_lscQC4_20120630,0.16166109891059233
ID_dP1lHS_20201222,4.7351770207891235
ID_vfHZIV_20120203,9.371078987546639
ID_CqrGPy_20120204,4.3342307778450735
ID_JnSawW_20131122,5.973981444614184
ID_hykasd_20230319,3.3258845470725755
ID_x3rhF1_20220201,8.37803022960059
ID_dYZt4W_20160520,0.015571304362188393
ID_SukOBh_20130906,11.752164377387784
ID_qwS41B_20190706,-0.02704754140368662
ID_zTXYCX_20200419,7.493811417806623
ID_OW1Ldy_20160928,0.4421341160280499
ID_3oMJWs_20210927,3.353218887806671
ID_JaIhCv_20190302,2.0646606661888267
ID_0y8uNw_20231215,4.0303338048868875
ID_mUhLvV_20211205,3.0370853674788316
ID_N11L79_20211207,4.368024907717316
ID_JJPS94_20120309,2.7861360842759133
ID_pJBLp2_20230929,0.5584382925664036
ID_PRa7hM_20100321,5.332425174119392
ID_B7FhNp_20170816,0.06750856597305317
ID_nzWajI_20230403,7.734344336564874
ID_b75szW_20170712,0.019912606606364583
ID_YmDiUi_20180304,7.325611058265496
ID_uWZXm3_20121104,11.161689007354724
ID_dKhp4o_20161222,8.543905698577973
ID_0nrnXd_20141013,2.8137538097977655
ID_NNpoqa_20171210,13.204405202173094
ID_BgUL19_20231229,7.705705740404025
ID_k5Bw5O_20150930,0.3138252635249268
ID_QRh8XJ_20100203,5.607555834063473
ID_dUB4ov_20200507,7.502731589575272
ID_xKNTaE_20210705,0.0001197937713928298
ID_hWtugu_20161006,1.2864795071613393
ID_4Ye2BO_20130203,4.130250692200673
ID_Mr0pE4_20100124,3.439840252319327
ID_OSSj42_20180203,4.092148028255779
ID_gg8otV_20160723,0.005701186543804672
ID_BTPw4p_20130622,0.015571304362188393
ID_xCYLw7_20130527,0.81681597299967
ID_Idvs1x_20140914,1.919765750541631
ID_ydJM3b_20170722,-0.024822192027676326
ID_o3UGga_20180902,0.7606438463607389
ID_OXV81f_20200523,1.7516555134309646
ID_Dvc8s7_20230428,7.061788252860538
ID_jEmTTc_20110823,0.2448470616854549
ID_zHUQrQ_20161230,2.595476824990737
ID_01P4Kw_20220510,5.3204074883376755
ID_dTKjYS_20140223,6.819571513447883
ID_2W0HVP_20120418,5.819924051667464
ID_mcmfzo_20160326,7.084607932633486
ID_fDvliu_20160810,0.05025998845336212
ID_k3ZIUh_20231207,1.7855352295629718
ID_rSqqPR_20201116,16.056196138124708
ID_lEdzwd_20180712,0.01333428935231326
ID_NW1w9C_20210420,11.405222026680502
ID_RNYpbr_20160813,0.04953313554764658
ID_yXptLV_20210124,7.391331559529136
ID_AGm71w_20190123,1.419023639965172
ID_X0LCW6_20210329,5.327214952974483
ID_ntr9AM_20221026,6.949162774303037
ID_EEo36N_20231127,2.8157759637377113
ID_enUXHt_20111113,10.809884158295196
ID_G918Dy_20110417,3.7069376226910933
ID_KxAErv_20110215,6.481937679318965
ID_F1q1zM_20200624,0.6077851575564477
ID_JuLcPm_20111226,2.915970265666333
ID_F2YyLE_20220611,-0.03418851601103339
ID_eXOgJS_20110517,3.1133525073814643
ID_KjkpHU_20160406,9.69265021065726
ID_fUSBlA_20231103,9.962517956508304
ID_zs1coK_20150422,2.0834683495492734
ID_BRTyOj_20210115,5.944897193408663
ID_DMRExi_20220820,0.0013906182523044461
ID_xX9Ist_20150306,5.455614538717862
ID_M16hNg_20100307,7.753474099372469
ID_0iSYOA_20190402,2.6680598312223895
ID_nCX0Za_20140222,4.435265762586181
ID_8fmYej_20150404,0.38264342686944053
ID_WSyT2x_20220814,-0.0036773985842061385
ID_jK6TSq_20120527,4.052023271297594
ID_2uvqV4_20200426,10.540529463078983
ID_8wwzx7_20160407,3.111126997865207
ID_5GMcgO_20140825,0.5029769524740593
ID_0jbDUG_20100828,0.19400288482294384
ID_GQ3xus_20200828,3.6667504242042943
ID_1noin4_20161201,12.316401982562024
ID_MCSDDz_20230723,-0.4478677166801527
ID_tOt9ln_20210404,4.4871552613187164
ID_jaVYXo_20201008,2.4685324189111433
ID_UBRGkY_20110513,4.213618889825309
ID_T3NQJR_20190406,5.965552057632451
ID_Q3J5GQ_20110411,4.378597670304488
ID_Yhvesw_20150719,0.05604209562406473
ID_g3BTC0_20120529,0.8625155119893306
ID_FdCfvU_20211202,6.658000277222341
ID_HKNTwF_20100326,51.62020941560966
ID_YChRo9_20160505,9.142978838518829
ID_juEU6E_20121226,2.471590566021379
ID_mfuwnO_20120216,7.1686277671011505
ID_7PpIKA_20160304,5.950338868384884
ID_lLxz5c_20231130,3.4303534728078606
ID_N2umDb_20110808,1.676909605036615
ID_EFPu19_20190604,0.014711823725210467
ID_mG45F6_20101024,5.404089855539829
ID_CiGN3u_20170621,0.06687035160266151
ID_nF6xlE_20171017,3.368866198188031
ID_Ts1BLO_20100417,5.96334016232322
ID_EqfbYv_20140601,0.9578836187233027
ID_3NVj82_20131118,10.720601658307382
ID_xpm15x_20170620,0.7924078777763849
ID_uuzhRH_20211029,9.687137223392353
ID_kmcczY_20141213,5.684980014486752
ID_AjcgJM_20100109,3.4753482925083006
ID_r8aU4f_20221023,2.160329922205091
ID_r2HOt3_20220625,-0.03768556880269304
ID_P3VtU8_20230811,0.022948940816321595
ID_ww3bb7_20230819,0.15879093734925598
ID_0LA1Rf_20171021,3.4574605321335348
ID_J2nAre_20180119,4.358767872592004
ID_0v2gtx_20181104,5.403024306136059
ID_XQGTUD_20140728,0.002369175323492425
ID_W8uD2U_20110414,5.599227561647303
ID_hmncJZ_20130218,8.68297011373964
ID_S4EhUn_20181013,1.847607411549465
ID_z4ZgAz_20100629,-0.004289733124495204
ID_ZOA0ig_20121017,4.343912570522599
ID_c7N9G0_20170812,0.058943496344882954
ID_sMteM6_20140731,-0.0139938384027698
ID_mfVeoS_20140322,2.153934922273517
ID_xJ5XtY_20160502,11.624591328583556
ID_SOVPxS_20100607,0.002724168800489221
ID_EkHJXV_20220913,0.2147099631157788
ID_ek1uxH_20110813,0.0496413749849723
ID_MLHqil_20130321,11.212559534179439
ID_pGQ4JN_20100816,0.09121049845715133
ID_6SnC6Z_20160221,7.0475903918957545
ID_6miPgz_20111109,23.40840485631918
ID_tjr7JD_20100130,6.636893570254255
ID_5GFEcW_20111207,3.730999219554095
ID_M0j9jN_20180502,3.465289575000689
ID_b6DW1Z_20130314,8.106514108116048
ID_vUeMFZ_20200727,0.08867883389332065
ID_QBQih4_20100912,2.232891384769431
ID_NOaKvn_20170413,13.5607781426316
ID_VVOLpY_20160526,0.14190339964444398
ID_NBBZME_20230813,-0.0034009048236817354
ID_Engoer_20231121,13.63992213189066
ID_DdFCix_20140623,0.322656125751926
ID_lrYlNo_20101007,2.270357359030561
ID_wXk0wj_20190926,4.134243130798623
ID_sNmYqu_20180818,0.06750856597305317
ID_6FMaed_20220325,0.5670470748650914
ID_RPnqdT_20101130,3.733376655357929
ID_BOG3WL_20100601,1.7990560463543703
ID_WGySyu_20130424,10.1817812076625
ID_VqWwuL_20170504,4.454696539176341
ID_BvT09W_20160105,11.556480324685644
ID_NBe0vK_20231018,5.105194723671862
ID_oxOWLD_20150409,0.5931125911754203
ID_JFQs6k_20211023,3.448169555695915
ID_1hVPBy_20110716,0.14742459635263577
ID_UrhyHO_20210531,-0.04582116306186143
ID_tYQist_20180920,2.0885132747309667
ID_J3dG2E_20150920,1.8123955919451191
ID_YCeaV2_20170821,0.08367159783792483
ID_pZ6IZw_20210507,2.6443710196312313
ID_EmmpGr_20180507,20.232185259054134
ID_T9xDas_20180127,3.8449491681360755
ID_HSiSQt_20220816,0.039156244281243466
ID_7LMGLH_20151222,2.8093507298126372
ID_b5qtMN_20231003,1.598874973995684
ID_DKfSvN_20151208,14.653694733303805
ID_Yd6KRq_20100618,0.012287303682763913
ID_sRB473_20230426,5.186699878277877
ID_pnx88j_20190127,12.30507603692108
ID_FsZNOc_20210421,43.21495561030371
ID_TeFa8g_20210529,0.03751444414952562
ID_0xlnGi_20120810,0.05025998845336212
ID_145SuE_20101112,9.950716442903538
ID_va7m7K_20121210,2.6432925546817447
ID_yFq3Gb_20220728,0.49636418129132726
ID_5cNZUq_20150926,2.974599051339029
ID_hRLFuA_20190505,9.689276655944854
ID_99CQPK_20131006,3.7251738618557835
ID_P0MhGG_20151128,17.84580491608043
ID_MMAocM_20180428,4.855485277727547
ID_7YdE2m_20201002,2.8931807600040496
ID_wqxOoh_20130223,2.4172415714769553
ID_jjB0tF_20220321,7.459755813224014
ID_R6wzNf_20160423,19.94388493570463
ID_z65R1B_20150112,2.1568584885931563
ID_SVbcDX_20220516,3.517073495612259
ID_IqK7CK_20150602,0.055994496065885864
ID_C47Z4F_20100719,0.007090794976836811
ID_ILwJYs_20170709,0.02098792605946667
ID_yJMesq_20210611,1.4390832602474213
ID_NTB2QQ_20230509,1.3837903269460667
ID_A7JPgJ_20211015,1.2174672432733467
ID_rKbRv7_20131015,2.5627039143564923
ID_TbwH4Z_20110623,-0.0008771307102466491
ID_tvHSud_20110708,-0.015283343582006772
ID_lWux9F_20220323,1.2754964382820921
ID_0i1ZP8_20150202,4.9511876269836
ID_N7L6vV_20110810,0.05025998845336212
ID_izpxAX_20230215,19.733249514606023
ID_uNHHRG_20160518,1.4438119213347205
ID_9rpBfD_20161225,9.199181246286905
ID_BwapUm_20210730,-0.014464369203481065
ID_F5cvU7_20140713,0.0173114852681795
ID_kLnI92_20210630,0.79149606014828
ID_VZtWxx_20150918,0.7332677969930325
ID_0TgYaz_20110418,6.129999468130899
ID_KhzJar_20120122,7.1476720978338175
ID_1PjPjj_20150820,0.0853034323106278
ID_jmfd5C_20191117,18.567324181920668
ID_JpYvX3_20230323,4.507082989307101
ID_q9JrHQ_20101213,21.38628093027276
ID_6VX3dM_20151227,1.3745632107844368
ID_QgDJwT_20130529,3.1826232412646855
ID_JDOTVr_20220829,0.9529511457598048
ID_dsIZjB_20151020,2.5605157438582284
ID_NYsozs_20181207,4.7257988168799505
ID_sFH5WP_20150909,0.2162336109870687
ID_o4TZVp_20100817,0.05886695786068649
ID_7su28v_20100829,0.19400288482294384
ID_AIPRtI_20100322,29.539027116965332
ID_lK8R1K_20170408,3.2834748562051814
ID_dTsb0A_20200628,0.04302973255470928
ID_0Rynou_20160612,0.01906835715384804
ID_ZVMJjC_20200906,0.0986336933007253
ID_QwT30h_20220509,4.429224404216967
ID_PHyjMc_20130329,5.250528398035983
ID_NITL7O_20170315,12.822182586768253
ID_nr7NJQ_20120802,0.00197373058751644
ID_uNrJym_20120205,1.2143730540487045
ID_cq1hAn_20170207,4.293203431665983
ID_WmhIu8_20230222,5.106117942186315
ID_Mm7uq3_20100906,1.3053656085313607
ID_uTWono_20110521,3.237352495790788
ID_s3anr4_20120323,7.7303709568246175
ID_sWa1IX_20140917,4.48785285460848
ID_pOc93e_20181221,22.602365048125133
ID_JUX2Ih_20141221,2.6132802485788806
ID_Gf9nN0_20210327,3.6739627866932834
ID_T4YMBb_20151106,6.41025149698212
ID_zR6QBu_20120704,-0.03268569800081351
ID_fxzXFe_20190805,0.008763689339976611
ID_f76I0O_20180724,1.6290477310555165
ID_cqrMfl_20180921,0.6258907433773315
ID_tqGOJG_20140120,3.5532738567526803
ID_4jkY2W_20110502,10.695089050070532
ID_r2vUw6_20201211,16.2564726518144
ID_5rCMbN_20200912,1.4234538859083068
ID_1Ko4fL_20140827,0.2838396507328718
ID_3kqliJ_20100330,3.372554941913207
ID_TFODoH_20160223,22.746556572081875
ID_xslp0C_20150313,0.7084086346725484
ID_2vKfUe_20221130,11.646944556323644
ID_eSZDOi_20121113,17.12967415644963
ID_wyTKAO_20151109,12.058073331950448
ID_lFCBt3_20180506,18.12737136747182
ID_r6vfpq_20210621,-0.014474243596442898
ID_GFQgzj_20120923,2.2960144308025585
ID_ifO3Hx_20160211,4.0895930677152
ID_GYevJz_20100525,0.3734873939269796
ID_ow4iio_20231231,2.802782564393223
ID_nk7Tr8_20170920,2.5786055190147255
ID_OUTiw2_20170919,1.070268507522425
ID_UKoOuT_20120904,0.5270299514483843
ID_r6jANZ_20170803,2.4531920369192437
ID_XxMiRC_20200524,1.1573920339290127
ID_l0IKrq_20131113,16.046462779796325
ID_no9xGi_20160530,0.31112039146234516
ID_ZJosqu_20140127,5.034508700780244
ID_fdNX0K_20171005,3.6384158035714154
ID_rxkiJ8_20131007,3.8879524173811975
ID_vu6jwj_20110129,6.735703364476344
ID_6Ctq6Z_20170401,6.364910289175925
ID_LpYVly_20211128,2.938886978895982
ID_tloMvz_20131125,10.169202170260501
ID_3Mio4o_20220314,6.350032852915223
ID_3n1r26_20100411,5.044880735249817
ID_Ra8ILT_20180130,6.383847883567507
ID_qxk3h7_20220515,2.657310370078747
ID_MiVruC_20141022,3.9539525321945126
ID_xvqutP_20190430,3.050641283541308
ID_fvi7mk_20130831,0.22912855168060178
ID_v8JkSP_20190830,0.21337658700194564
ID_qkmDQi_20180904,1.386715898000068
ID_jy9PmT_20170502,4.081508363296469
ID_smsKzN_20160119,3.3742698624153524
ID_VEBOE3_20200513,19.73406377103408
ID_McNuFz_20130202,11.532622629691001
ID_tAWx5c_20161114,5.214980720610438
ID_ydVZmR_20111016,4.99657577203466
ID_tai6SC_20211017,1.2720943119370558
ID_7LtBsh_20130816,0.06666431652053663
ID_58LVUt_20190629,0.09656311261818866
ID_N257a2_20110109,1.9208029213224747
ID_DU12wg_20161206,6.159235357036547
ID_bPb5XM_20200602,3.1806443577867847
ID_ra5wvU_20200223,7.422694985776256
ID_Q5cHiE_20120715,0.01906835715384804
ID_Q7JJxr_20170512,3.9115817112113977
ID_8Swu61_20220319,2.350582235118353
ID_heFGjI_20110801,-0.027546700236071364
ID_TvqSp1_20170404,4.025696551522899
ID_deAcVt_20210920,1.5860328035019897
ID_A8efCp_20231209,5.1282977619983505
ID_6O6Y3P_20191008,6.549870617264993
ID_pkGtum_20230112,7.084852471512887
ID_6VqylT_20220830,0.967126370562721
ID_D8CEb7_20111223,3.859771737803104
ID_FCZ8gq_20101025,3.0241435408467234
ID_94kpHx_20110221,-0.2550616443129849
ID_QpIYez_20141118,16.92769157698826
ID_mVCybw_20140926,2.564959792423193
ID_7zchQw_20221225,4.930865067256713
ID_uz5IlU_20120928,2.4823239656685065
ID_0WsMsr_20100819,0.04924688730133661
ID_VX3jW2_20210713,0.8169636332620804
ID_DNjh3e_20120321,5.258656883614221
ID_Iv4rou_20211026,23.431169262176457
ID_KRUkh8_20190420,0.8412604965815889
ID_EHuGdw_20220216,3.5695498653889164
ID_xmRAV1_20121209,5.431443404020746
ID_CaTbKt_20131203,6.973432302755434
ID_56TQp9_20190521,2.502339480686448
ID_fQy8MW_20141010,5.125828207831328
ID_DAYLNi_20160130,1.1811743521244862
ID_XAC3jG_20140430,5.769920335048041
ID_A4Tnft_20140214,5.4161924083617645
ID_gAfzFV_20200610,2.492515952166759
ID_cvzCh6_20170202,1.381046111690952
ID_Snoo7P_20131114,-1.003522066579836
ID_nZvajC_20180122,9.067679773006473
ID_LpZUcN_20121211,3.2333155855881293
ID_f1omEO_20230629,-0.05343782719466944
ID_jSdD2y_20170121,3.1860480980439347
ID_OPNdJo_20150225,6.225182003274218
ID_ayZxf2_20200629,0.03593841492651094
ID_FJ06bJ_20221218,7.899068529515996
ID_Z4vKBq_20180131,3.9507390081382754
ID_MEp96Z_20111005,3.1839717957512104
ID_AXJbgA_20141023,4.970556579771341
ID_wjk46M_20230111,5.107704020748411
ID_nlymZW_20210423,37.57262133546731
ID_8CqgGg_20121110,3.658435981691338
ID_ediK5n_20141228,2.640886513881188
ID_crXTSx_20151211,3.1657732218300394
ID_g8KcEm_20160205,6.388813016929973
ID_Qss23S_20230624,-0.07227089086557277
ID_S3S2QE_20180328,8.41670205205259
ID_b1rq0g_20100530,0.26554666140201116
ID_ZsoSh0_20140920,1.1315823713708106
ID_7ltzYc_20200125,3.802707384404048
ID_595qp7_20180315,4.3123349808241205
ID_0GRoUW_20131002,1.5700402254357282
ID_AdPGLB_20210731,-0.060672394313599914
ID_bCBsPd_20111102,7.453360912347318
ID_tt0kbu_20161108,6.222341930967033
ID_HS3A64_20200605,0.9008020642051469
ID_wvyuCK_20181026,11.114288428912722
ID_1FILm2_20100113,3.383202090737804
ID_KcH9y9_20100404,3.242263091909306
ID_S5uuv8_20220418,4.529309812829958
ID_RhV5vv_20140607,0.39834034948911445
ID_4LrAUi_20120531,1.087247588213974
ID_sIIl45_20200814,-0.08508088396942903
ID_kzp9ke_20150325,3.617641265553408
ID_60WOMG_20151013,2.5889499794226514
ID_nmMbuN_20161123,2.368646770142842
ID_ggJfSc_20140925,0.2769359539740296
ID_609Vih_20160203,2.2428636584605295
ID_nbgDyl_20170927,0.5780371408015526
ID_3Ckcph_20130327,5.005546237223458
ID_0C3ko9_20161007,6.778307810381194
ID_Ix4jrD_20110227,5.928853649201073
ID_JRmGIt_20180617,-0.049320032812536885
ID_Gi3aAK_20160727,0.015010298659783485
ID_zhVfe1_20210418,7.866613165749874
ID_oJlL43_20191113,5.241513616429534
ID_GEpTED_20200318,6.661861873295477
ID_W0diQm_20140619,-0.0328057644366491
ID_BCli5x_20120318,9.201738181572663
ID_icFNEw_20231007,1.2824648771785623
ID_iDklng_20170305,11.681657353982676
ID_81XlIQ_20201213,14.646663632628298
ID_nX6Sw0_20210915,0.9098215469844945
ID_nPwb2J_20221201,3.6658226739460082
ID_DMNwF6_20181110,4.365441788606917
ID_2Hw2pe_20210802,-0.010558397109130816
ID_nGcIET_20171122,6.944649293648148
ID_yELaD3_20170911,0.9024115932502685
ID_tpteVv_20191026,30.940007905952005
ID_JDxYIe_20160501,10.135729544792433
ID_1V1mOj_20110306,4.865084245317093
ID_rXoAAe_20200915,1.0737433794453959
ID_XIthjs_20120316,2.396056984969892
ID_FJqilc_20200211,8.110719034983576
ID_RCnHdP_20100513,0.8225925624645473
ID_ZNurt4_20190817,0.028411355183915896
ID_5OfbQx_20180825,0.19379992760237805
ID_NNIl2v_20200611,2.8630770456932475
ID_HdaFRF_20150512,5.714810570907491
ID_8ayQOf_20220828,0.3969860446786716
ID_klfRru_20131121,7.721274180569509
ID_TXGl9s_20230223,6.392206756394176
ID_WxTDhF_20231126,5.315666326213627
ID_Fl8hBR_20130407,11.73196435248366
ID_MNSHiV_20170118,5.699341545781532
ID_vSuY5t_20101015,4.086601668749319
ID_13aUBx_20130131,9.353191309181176
ID_XI9gkR_20181227,5.794069704305203
ID_ePjNqi_20190930,2.6595980711852594
ID_ZaaGOi_20150309,4.844969426417684
ID_FSaRgp_20150310,2.9822871357786203
ID_G4Kc3R_20190307,1.989114947846556
ID_bd0wns_20171013,2.912160286341807
ID_ujgLUY_20180608,-0.014439094129490229
ID_zUVmas_20150217,7.851556057318501
ID_TooYJ3_20150516,5.490427012246574
ID_Netsd7_20170810,0.04452592065182734
ID_wrS4gV_20180523,3.486731238747496
ID_w9Kx5A_20170228,1.5516386779231763
ID_vzAEjy_20200222,12.127732724922202
ID_owKhaS_20200104,9.447822455610163
ID_pFnlxv_20160428,10.321070664826523
ID_m59oGt_20220928,2.3617544211558075
ID_ig8tyw_20110501,7.809509055330665
ID_Pwr7B4_20100420,4.041568044575687
ID_0glZRq_20160604,0.0013487354538403691
ID_TS2bRk_20110507,10.902302253664537
ID_LuhemH_20160422,4.415855308203803
ID_0xNFWY_20181224,7.45684288345787
ID_rRhZRT_20190623,-0.02240761080983198
ID_GFfJt8_20160706,0.009627367294669849
ID_3cSc99_20120227,8.401048849538729
ID_8gEk3q_20110303,4.9274538832700845
ID_lo6Mto_20141113,17.71202897619941
ID_0GtA2m_20190403,4.779408598695987
ID_a7eMhE_20120113,3.0182493785603097
ID_VoZgCx_20141018,2.8716231539955377
ID_eTD5mi_20150815,0.08401132871301381
ID_9ARfdu_20230606,0.7533016450644913
ID_STvSqk_20191011,10.614076336414925
ID_GKRRPi_20220706,-0.010101499329834715
ID_SGK394_20150616,0.018052051965082
ID_NTCRFE_20111213,3.8061262933509705
ID_Qj20ey_20231223,3.761366637815137
ID_jMYpc4_20160913,0.16007456137848647
ID_8nMZ65_20170526,-0.6169208370877239
ID_nDbrLA_20120322,4.916092482136723
ID_fMmotn_20220224,2.7912845079472226
ID_ooPgTj_20121022,7.5688042433986
ID_Gr5dCc_20110919,2.5536214813499725
ID_QaSDtd_20120314,3.3618241496426142
ID_mdH0o4_20160424,35.28652442371169
ID_xA4ZdJ_20190905,11.341934536828626
ID_CgvMIU_20210406,4.206571479754707
ID_E2DrD3_20121231,4.49499281867952
ID_OXadis_20150826,0.08783557988332513
ID_UCrrmZ_20170516,2.4407153473210195
ID_pk8CQV_20150221,2.9643866110180674
ID_Wog4P4_20181205,9.147395698802868
ID_a3COYq_20111123,1.6759599628273574
ID_fZ09tO_20140531,3.5540526003308095
ID_cYATAt_20190630,-0.04409042984707495
ID_al4spj_20130427,2.4323878764354903
ID_ALh0MP_20110219,2.9424421512649443
ID_oT1ZjP_20220109,10.825740400159532
ID_9Z2Yu1_20220127,13.305516839597907
ID_jvLOMg_20210108,37.42832965217288
ID_i5vEbZ_20160309,-0.24998871889029545
ID_slohHz_20221014,0.8290692523589407
ID_2c3ocB_20110710,0.028730242845605644
ID_87hxeN_20110314,3.2805376350435447
ID_zgjFgA_20111018,4.170019073676401
ID_XLUuR4_20140123,9.808835222189149
ID_aPIEMV_20221110,14.183434732819302
ID_7sLMTc_20140831,0.1812946802652347
ID_4O9Kq6_20211228,11.051276626054339
ID_phwHcX_20101018,4.750117799989963
ID_EuSnb9_20131024,4.82361095733779
ID_g3q3ab_20220621,-0.0034169955654136837
ID_QP4GvZ_20100910,2.1571147511401145
ID_jzsFuB_20180717,0.018896301417598543
ID_buHvYQ_20200108,7.682271332764453
ID_7Qx92a_20101217,3.4898567869109245
ID_swwXHH_20170307,6.756054009826252
ID_lChsAi_20151023,2.797907807270488
ID_IDp1KS_20110403,5.154754605768821
ID_K2jLDs_20110629,-0.0377301203070263
ID_KV5V49_20100401,11.141147918175212
ID_ZZ2tH1_20170119,2.7745941972325667
ID_mBKGaS_20231128,3.7174989187050627
ID_6SLN7H_20100127,6.999706641074454
ID_Dui8aB_20100701,0.02082726946183229
ID_vGi9Fi_20120608,0.6641825649853257
ID_6zpXC4_20140803,0.00855204784156776
ID_ubOtZ4_20230224,7.1329014380610545
ID_G0hQOq_20131207,5.470974099154487
ID_9bGSfk_20150107,2.4794830352517114
ID_lRDLmT_20140213,4.369300552844982
ID_7PW5YQ_20200517,0.24496142859836156
ID_tnoTsx_20180719,0.0092762308582487
ID_8QgyrB_20190408,6.234896309643649
ID_ygC7Bz_20220129,1.7102556861095322
ID_tXrbD8_20220303,3.432645891830198
ID_lB9Cxd_20230402,3.204771551234633
ID_6NLSKv_20230901,0.1572430613873962
ID_nkF8xS_20210129,8.008801546811975
ID_ZWV3jT_20100311,9.85717524935229
ID_asyhYv_20200623,0.07773499491476979
ID_JkPGXK_20231004,1.378136344381234
ID_dG4kja_20210518,2.7569405448029674
ID_LBT93n_20120827,0.17660262735715665
ID_YdDjWO_20100723,0.8158037091085552
ID_1Gpjk0_20150211,1.3471799065464871
ID_Xc7BsQ_20200618,0.08729702534519644
ID_hXUoda_20190125,1.3353669376635082
ID_xQZECW_20110123,6.711463163915596
ID_ORVvzm_20130320,10.32306986218528
ID_VskBkB_20140520,-1.7144274822084007
ID_f3cg0x_20170319,7.680200456037151
ID_xetu64_20160125,5.46413085728946
ID_DXXs09_20120311,1.7161605652060816
ID_MSN7JM_20130425,2.713968584264123
ID_fRvIRb_20100810,0.04347893498227798
ID_saYEaz_20220927,1.186819901105548
ID_ymN3qR_20141003,1.1962198295488127
ID_2krz5K_20211227,12.76422431849655
ID_cNKlpf_20130415,3.739183708289209
ID_0kDub9_20230615,0.5557654253914073
ID_n0jEqD_20201124,30.835971657663116
ID_H0szt9_20191205,11.039505672459562
ID_Y4Lg0C_20160627,0.013871848447920944
ID_gTgFrT_20220912,0.22106997937545567
ID_aDvHXo_20100627,-0.03300850065368191
ID_M1IH2C_20210401,4.886948222975265
ID_ianegv_20111020,4.036348982589919
ID_HRfm91_20160316,7.284856428490421
ID_9eYveo_20221128,10.800099914304024
ID_xYEWif_20151117,6.5370385476880575
ID_vhfNMZ_20221211,2.209308014784133
ID_przlLD_20190203,1.7876074468396708
ID_JHtN0O_20110917,2.1144673467678334
ID_cRYdOw_20230807,0.013385805934046896
ID_OIHgBa_20200927,1.092871334825539
ID_TIDujq_20170201,1.8925158928132562
ID_dXAcZ8_20230730,-0.04090664252428225
ID_9WACmP_20180915,3.3173273318687704
ID_IwSnNt_20111115,9.733329111171352
ID_DByn4L_20190815,0.05075790009623307
ID_tL5vm7_20200309,4.378042482598405
ID_u8mysa_20230825,0.2782985016720955
ID_2guv7t_20120313,4.021493166488578
ID_wOtEC7_20120514,3.9199233080728715
ID_cJIXDd_20191105,9.691486369646707
ID_da7bZJ_20210601,0.19373902016425468
ID_0gueBK_20120117,5.020025371052649
ID_xqvQh7_20230328,46.32323481662062
ID_LXPXb1_20100808,-0.0005346514453344166
ID_H7OZUT_20220105,5.309777515474509
ID_vJ93yB_20150629,-0.06009274312803449
ID_86wYfc_20110806,0.7640490248789774
ID_0dYXjg_20180918,2.8657183784962266
ID_DgvITf_20170304,1.772168755333642
ID_H8XiOo_20100213,3.816381610290122
ID_pJYYRW_20100730,-0.003273427935729164
ID_72xUA9_20120422,10.515131347333584
ID_5kkF99_20101221,3.800798718603428
ID_e3xWUE_20221031,17.518497189894266
ID_yU6G7j_20200118,11.228799025623992
ID_HUfk6m_20170704,0.00837999210531826
ID_nYAdFu_20140331,1.745053707805559
ID_Iiv5Jk_20110103,8.644392726433846
ID_9ES2kx_20161210,3.3615076891420808
ID_Pu0EnN_20200914,1.0737433794453959
ID_oHeIaO_20170914,0.3003781259403813
ID_MAmGra_20100516,1.561458353364976
ID_1VsDkQ_20130716,0.018052051965082
ID_SKeVyO_20100217,1.8182264591088546
ID_g98g66_20230908,0.6969029924016863
ID_Dwki51_20210907,0.17489075415545954
ID_5RJlWB_20151025,1.3972753937117823
ID_1SC5U8_20230729,-0.04090664252428225
ID_jqF23X_20171205,27.497437657234613
ID_s1IV4V_20190602,-0.05927453578043985
ID_NkJARM_20151124,20.836984135631056
ID_7FQLsL_20100303,5.1779683006555794
ID_eRZhI9_20120102,1.0767214148617508
ID_pXoSuT_20120105,3.7673490257786035
ID_TFi9lr_20100406,6.756856938490925
ID_ELloE1_20110424,19.834772993203934
ID_tg3AHY_20220403,6.9616558686059875
ID_2BJOnh_20230824,0.012685831193568989
ID_xq3zDt_20150323,6.316827635622603
ID_mti4Kc_20230728,-0.00562176409823684
ID_qQEtXW_20210808,2.835934275863152
ID_SXjPjs_20200106,5.862657595085397
ID_iu9M7l_20120104,1.4153908693452626
ID_LKwu8O_20191210,7.053956401753245
ID_ahYKtF_20101119,1.9603995517626212
ID_ADGruZ_20130419,4.910052743183451
ID_wat3J9_20220920,0.22246729699123377
ID_jCD2pC_20160528,-0.2213539136570456
ID_WPOGC2_20150206,4.90624482983532
ID_OvHzMK_20130814,0.058099246892366396
ID_gPiBgo_20140918,1.7730971134713984
ID_zjSP0o_20201031,14.617123034230953
ID_lq7TIg_20210308,3.286845941158925
ID_LTsKBB_20130412,1.4616254545777008
ID_hTkQFg_20101019,5.397032506954568
ID_cTnbSX_20210719,-0.004100146290915094
ID_Iyj8Uo_20121029,6.220708651274402
ID_Ri2LBD_20110618,0.01906835715384804
ID_ZBp5QD_20140711,0.01906835715384804
ID_iGZeZQ_20200114,0.4389084490848453
ID_7mZFdv_20191221,14.140386163107623
ID_H9NYqr_20141120,4.241342887029993
ID_QScSN1_20200817,0.22085506697315732
ID_RqyIoY_20221212,11.691671632051786
ID_xxtOXE_20140729,0.002491320346588927
ID_9Qxw3Q_20200323,6.041263424911323
ID_v5wwi9_20110305,6.9723777683773935
ID_cKhMts_20150406,-0.2554134777544378
ID_GDb8Ys_20221106,5.491354303402284
ID_JZ4xVX_20220812,0.03160747984183926
ID_mNaTp5_20170720,0.009837236560653606
ID_9Axnqj_20180701,0.0023592551418228115
ID_ZoKzDh_20120408,3.551371038864264
ID_fU0CRw_20210508,9.743957965863324
ID_tJB5ii_20170713,0.01333428935231326
ID_uF5v3g_20170530,3.8331353833002115
ID_7agrzC_20160101,5.619285338503242
ID_pghYcw_20150915,0.5251795658581646
ID_8fYQix_20160820,0.6278691139158094
ID_b76D9v_20140324,3.4413259983786384
ID_I5uA4y_20170913,1.10144443873307
ID_hXwAh1_20220904,0.5058470615868326
ID_WgeZ9N_20231013,2.070298707076944
ID_w7vf54_20210804,-0.009419946897268269
ID_29IwwW_20191016,5.841286929067097
ID_dL6bLm_20140929,3.1963998402626648
ID_MrjnIY_20141007,4.215059275947117
ID_EWjEqR_20190427,1.0552213674337543
ID_Ub0zwX_20200515,18.889006004535762
ID_qQJ3hh_20211208,5.33679328614948
ID_E9bSo9_20130626,0.015571304362188393
ID_7ykD8w_20160609,0.8232456230010062
ID_rnRsOl_20200613,-0.0031461623451740067
ID_RQHexb_20221206,6.783766534870971
ID_QggJQj_20200703,0.15009612103646572
ID_xRx83x_20120921,3.742314907398344
ID_rV5Abi_20200704,0.04807415486092208
ID_1BRJQ5_20230326,39.07074969227099
ID_1LyP71_20150428,3.7716891556084815
ID_fRjzDm_20180225,9.98076940371516
ID_FmirK4_20200422,4.7410202833123325
ID_LP5xQZ_20100312,9.991344427295745
ID_WhS3EL_20121031,9.883328796750675
ID_6Ngsg9_20130506,12.313069792376632
ID_R9AtKc_20210930,3.85893162005156
ID_KjvBAb_20131205,4.047514599920596
ID_LwRmHm_20190502,1.4054038311762893
ID_sdlFmz_20150114,2.6074515215330933
ID_DNVMWU_20221002,3.939052501443577
ID_YajFc4_20230203,3.572426256391203
ID_IddZoq_20200904,1.3030529356329652
ID_VLTTRh_20120626,-0.026682746668958923
ID_1mk1Er_20210325,6.875931713008261
ID_XzjLRF_20140314,4.000550015180167
ID_mdIoNU_20150924,2.1132938325980697
ID_NYSq5U_20130516,1.6909308734990909
ID_lt22Ny_20180630,0.465854972172489
ID_92Gfvk_20210715,-0.005481954839039311
ID_RPqYMf_20210131,15.9679446025006
ID_8UVK5X_20220616,-0.20455323711866077
ID_vVBDxp_20210312,10.938578578970048
ID_4aMdVk_20230301,11.122893828631712
ID_LqXKgK_20190416,0.20104357481452365
ID_YYkard_20211225,5.716644107091581
ID_PIqkCA_20230208,9.82654706618443
ID_vLuOSt_20181127,4.749838186179611
ID_yUO9Vk_20121123,6.321606593415854
ID_6f1wAo_20210530,0.10024500791852843
ID_6GtuTS_20161028,9.183364765377078
ID_scYhjf_20131023,2.972958209290706
ID_Xa34fv_20110117,3.1665366543822326
ID_UfEghG_20121122,4.753452306391655
ID_1S1PHI_20140902,0.21679654497504863
ID_lOF78R_20160201,3.142869245744977
ID_Kvc4xt_20201110,3.9134431232830207
ID_WLfy3x_20230124,4.6567732295912805
ID_ZddUcm_20230802,-0.31238890243821044
ID_hpIZoj_20130304,5.637996827870667
ID_ahp0me_20200512,8.3220386986359
ID_cX0udg_20170405,8.951014425167019
ID_ZlYpp9_20100822,0.13170615141068304
ID_6ErnJw_20190822,0.5202450290928757
ID_hd9YtI_20121230,5.7317646593853775
ID_ffWxEv_20221015,1.8343553774932335
ID_GPjyRm_20201130,8.668503727125248
ID_E0DZQu_20110926,7.918800540508719
ID_A5SFZS_20171030,16.315441338973823
ID_kxOiVH_20110220,2.2374240787577464
ID_N3U1Pi_20190202,2.578489773529722
ID_JgHEtJ_20190113,14.587367177940498
ID_434akE_20130106,3.8439275638501083
ID_S0nJ1N_20140923,1.238612817473376
ID_bsTqLL_20230104,8.189334729419365
ID_sQTeP8_20120428,1.3433602890177536
ID_ffiT8s_20190507,4.442316357372546
ID_cJcBK7_20100118,3.5859737482974747
ID_JbHcRz_20220513,4.4766367051208436
ID_CDUz0E_20160215,9.29499328334993
ID_Bcwj6T_20151009,3.2361399057192677
ID_18jy9F_20130717,0.01906835715384804
ID_AVtUtX_20110820,0.5459064526052029
ID_qSlmeB_20131029,4.827884789224502
ID_bYGqCG_20170903,0.33502884925154514
ID_OxQH3S_20140307,4.558489872906079
ID_6V6suL_20200407,7.839811459083661
ID_jhfCNZ_20160510,6.133325321008594
ID_dlFxV4_20230607,3.8353748950790867
ID_iCjkFm_20110107,3.8597103839015565
ID_qOLEms_20150927,0.3423390411338223
ID_6yPWd1_20220411,3.0262493540860884
ID_KYsDgb_20111015,9.92991622717077
ID_FsHxWt_20110822,0.37158787831314716
ID_bZKhKi_20111108,11.216106621832235
ID_21d7HT_20100827,0.3521473925521732
ID_Tvr75R_20201126,15.150889521160593
ID_yPU4Ez_20160911,0.5600865138851493
ID_RYdYAz_20121118,13.948252880393495
ID_UPYV4M_20120822,1.0098392541856955
ID_r7bhNq_20151001,1.2204854866243895
ID_aV6PUX_20100317,9.67118332297954
ID_TQHuaJ_20151006,1.6279145807880724
ID_EtnMas_20170427,1.9749204500814657
ID_xkLKJF_20230923,1.8316479397540324
ID_tSoN1K_20181213,18.624032128333976
ID_OloZek_20171203,2.9667888051037226
ID_4qdfgR_20191012,2.6965941829315785
ID_fPHJ5t_20120411,3.835468362678693
ID_jbUiaV_20200729,0.07831461098075468
ID_bhWMwE_20210716,0.0010963624150120124
ID_jh5QxV_20140313,2.956247633114931
ID_EjwvhD_20211201,3.3993408540953163
ID_pexMbR_20230325,2.933300919293601
ID_Ri54mX_20180103,2.858296500572854
ID_CRygU5_20100407,8.947132224764177
ID_9rry4F_20170213,1.6712340008305062
ID_O6XKPr_20150215,7.400562339393926
ID_HM1z8N_20151205,5.530870799521264
ID_h18pux_20110914,1.7382508094754934
ID_cpK4AM_20170331,0.3880693357144425
ID_SAx6KD_20200617,0.09387534259924776
ID_63KKxc_20110721,0.008992987108137063
ID_4RzExk_20211019,5.45773206260831
ID_e1NbF7_20230814,0.03931163473522095
ID_YVbGL5_20120119,6.572877612809847
ID_bOdAr6_20151017,3.362777216731533
ID_WgVLej_20100221,0.8529560430245956
ID_jCddkG_20231010,3.1972217735749404
ID_hdPWfD_20120612,0.018052051965082
ID_I2cTxB_20171022,3.450394353482592
ID_HDj1LZ_20160715,0.01906835715384804
ID_qWMBws_20110619,0.015010298659783485
ID_fMtEZt_20120116,9.377619542682615
ID_FWccqQ_20190308,2.07246194962741
ID_ll26d4_20201206,17.765058014005582
ID_tbo1KR_20110320,1.8411067558654388
ID_62vbLw_20160401,7.24539422987828
ID_VVbc7t_20100715,0.005708986428712592
ID_XZIy9i_20140315,6.0098793069232235
ID_kELEd6_20190428,1.3835879708838172
ID_8BqsnW_20181214,8.720792620890053
ID_NfiFUk_20200815,-0.12036576239547445
ID_hZO7DZ_20180829,1.3866296395494235
ID_26VY9c_20140503,8.316226587853393
ID_tBC1LI_20220218,3.4471631069858906
ID_jnRxJm_20230918,0.6749284300238871
ID_vv9DZb_20180603,2.1698606909671816
ID_jPPXaY_20200920,3.0961765022122045
ID_ZuuG3y_20111007,5.564592290529443
ID_tYtozo_20120720,0.015571304362188393
ID_dMI9Pk_20200221,0.7704154084764422
ID_aj8wIc_20230423,4.793359905671287
ID_JoxH7G_20220502,2.444911431593635
ID_EHFp1V_20100501,13.357559152805036
ID_3KcdUV_20141019,1.7249217325372688
ID_17mROR_20130823,0.1830855603314778
ID_YLdcsq_20230502,4.0869545377811844
ID_YIyJq3_20230911,0.22792935533715686
ID_10jXM2_20210310,2.1216797499804563
ID_jB6BwK_20190316,3.180736267206494
ID_fogcVd_20100515,0.012287303682763913
ID_X40rrr_20170129,11.918600175561393
ID_fHtWKF_20211116,4.270364968843414
ID_t3OvLi_20140915,4.742275771681871
ID_w3OqPo_20230321,3.4309051050688835
ID_3Fk76Z_20100704,-0.04009999688977755
ID_Xhtu4s_20131128,3.346332837121719
ID_6PzqDP_20141122,5.9522176206396225
ID_TRoFHv_20110527,1.878064378776343
ID_BrehgX_20160924,0.5307908904068755
ID_PonW3a_20100304,6.141205510389817
ID_YIpFvh_20190119,5.116376029034864
ID_wYjIVL_20170908,0.17316393740363487
ID_lKa3eq_20200911,2.9840537713188198
ID_pTAZIJ_20230130,6.919868893563085
ID_7xB3Pw_20210328,3.1717166662682783
ID_LhHeMG_20100909,3.0814840587133205
ID_mFM0sb_20110918,1.774769392386492
ID_dX3P34_20220217,3.5079651670069816
ID_gNg5Pt_20190201,7.419914847616295
ID_8IwyjU_20190916,1.9585466135099816
ID_Kjc5FS_20180729,1.022774310346617
ID_snPdo1_20100503,7.339951472427522
ID_52wPFF_20210821,0.02206700809760176
ID_sZQybw_20190825,0.12194733283594206
ID_qkF8GA_20201024,5.999913986109411
ID_JGbWjC_20170124,7.380908863961935
ID_MPFAtz_20130705,0.018213933533325358
ID_UmBQFO_20110722,0.015571304362188393
ID_gcDmnD_20190910,1.1262698537275968
ID_SdPeN7_20140125,5.903111633244299
ID_tGoFaM_20230408,0.025190714120781662
ID_q3Bs9a_20111125,2.4444710975927277
ID_heNSCY_20200210,23.06034263270592
ID_Ytz8H8_20141125,8.7820517393784
ID_XVovMe_20121026,7.3211707930029775
ID_MfByT1_20120506,11.825808015201995
ID_p249ap_20200712,1.8809333221329945
ID_8Y8Pg7_20220910,0.19646329182993388
ID_V0pvpT_20211020,3.8653016354061083
ID_s7S3wh_20220627,-0.004100146290915094
ID_eNjHeT_20111222,3.5157420760600813
ID_WphGGm_20221125,5.6236641571182995
ID_s326C9_20180429,7.528165151395562
ID_rNPQOo_20150430,6.612338957748144
ID_zwS8Ro_20131106,4.927223006110279
ID_KeS0Pq_20190319,0.4934869847961353
ID_pnd9R0_20110826,0.1929556781498615
ID_ln8GCV_20211124,2.3189853790011856
ID_xfpTRp_20130729,0.002369175323492425
ID_FDFenO_20230916,0.30726560177097684
ID_PMm5qD_20130913,2.8206546613947516
ID_3dyH9O_20161126,3.338209742528833
ID_RMYIhf_20220426,7.959826224030743
ID_d8srVt_20101115,9.6984938824106
ID_m0FvIy_20150725,0.05246744929469029
ID_3AYMzS_20200226,15.857050280489982
ID_9mES3U_20101002,8.179218011214529
ID_l78djf_20160716,0.01906835715384804
ID_MXBLbY_20110704,0.007413597629705215
ID_UoRsDL_20121121,2.9866107189824733
ID_5r1LWk_20210502,4.825585891144944
ID_edKQOu_20230915,0.22995717705334878
ID_sWpAVe_20210208,15.025889487320098
ID_8XlQcW_20110829,0.20149085280933696
ID_0ZTMyG_20121107,6.12866895323423
ID_xW3tKE_20110612,0.01906835715384804
ID_hua6MV_20180622,0.14477179301349266
ID_12ErfH_20190205,4.655902072897119
ID_tJGLiD_20161208,2.1043531053246185
ID_89QzJy_20120409,3.712048686307364
ID_GqSCHk_20201112,3.356520761516435
ID_rkllUC_20230709,-0.024270591452687083
ID_mJ4Uma_20150520,2.028552616071443
ID_RXozOJ_20180726,1.6239775171729165
ID_VKSa1l_20101026,3.4635045464109293
ID_51v95t_20100310,7.706232618165149
ID_2fEMce_20171216,3.765745349988774
ID_u5io9X_20230714,0.9913920860339869
ID_XJFEor_20160319,3.2862636340141256
ID_Ceh9aK_20200923,2.466699735496554
ID_N3sO7X_20220809,0.015181655164179464
ID_2IB98f_20140822,0.13848720488176716
ID_WiV0fP_20230513,3.728443112652665
ID_McU3Ur_20100531,5.19351933049183
ID_VplDJD_20120127,4.570307234840153
ID_O3jtcU_20200621,0.013855665539161498
ID_8myReV_20170211,13.161963657462346
ID_SBdTmQ_20130319,13.270156317328725
ID_kU4mJj_20161124,2.4467869843322716
ID_ccoKq6_20210904,0.10081792490641454
ID_NFTVHZ_20171130,31.35645626530716
ID_kFUpBB_20150619,0.015010298659783485
ID_8tOOxT_20110112,0.09672838306724228
ID_6GqKVD_20201223,29.756994619015032
ID_ph2CK7_20190605,0.02539001460573409
ID_l2BJQE_20120509,30.90212232870249
ID_kccjyA_20230311,19.118083669256595
ID_er5wbR_20180312,2.627093470662451
ID_AwGs0T_20160902,0.3028414394736805
ID_GLEar2_20121007,3.9450598106859647
ID_WUkhG0_20110114,5.90434821504916
ID_lb9rdX_20141014,1.8714596436898683
ID_eV7xN9_20181020,2.106489010840671
ID_CYnVxe_20130615,0.01906835715384804
ID_QQ6bjV_20150716,0.003923928555076896
ID_MAOOPX_20210201,5.571691709282322
ID_Gusg4S_20131209,8.76173968663893
ID_9lQxjB_20210714,0.20915686732360297
ID_DINTGO_20180118,7.921058601505986
ID_cGHbB3_20170125,1.7961230855394785
ID_b7fOki_20180212,5.603816328276221
ID_LTnin6_20150517,3.8922539830912335
ID_ZWmWZS_20160717,0.01906835715384804
ID_6YAFLg_20131227,5.713111188523119
ID_jtIRab_20120305,4.156518747211953
ID_8Nj8GQ_20201022,22.75199227896022
ID_rW0g4l_20120421,5.865428478329213
ID_8pM9Hv_20141106,11.517847803972995
ID_0NW2KN_20200902,0.34362306989890123
ID_6qZZky_20100625,-0.020204406646260976
ID_xbHRcc_20200724,0.09037828980758814
ID_LN833A_20171121,8.770506267413369
ID_l6S4EO_20120716,0.0179299069419855
ID_oScrLW_20191128,1.782348839809813
ID_Ij6Dr6_20100215,9.069854870823432
ID_PbCoAZ_20201202,7.857173554180576
ID_g2KygH_20180202,4.350635640763421
ID_EMQkZB_20200612,0.7060329838077876
ID_HISLfi_20230611,1.738693529865579
ID_ZOsl7S_20120615,-0.02216938868853322
ID_hmDXn0_20190903,0.05777128397756476
ID_wJq0rc_20170531,0.4190036943754941
ID_0NVGeB_20220930,2.208530410578278
ID_9wobPb_20150302,3.5346360542451123
ID_mjODZX_20220118,4.1662645413636215
ID_VFus9h_20151029,3.2924357490676646
ID_xp50i3_20181208,19.54682553343758
ID_Gz4dUY_20210910,0.6651492266074504
ID_hwFdKb_20161224,19.48225974105744
ID_nmv7fG_20101011,1.7719364302277674
ID_CsI3Gg_20140724,0.008992987108137063
ID_JloabL_20120929,4.43755347488343
ID_Zo4UT3_20220404,3.6391728811197286
ID_SFKXhj_20150308,4.744504491903756
ID_SbZNqd_20210707,-0.008344627444166183
ID_jM2Mao_20130907,3.9350987909467534
ID_bKIxD7_20180623,0.32463882541630507
ID_0RgKZv_20170923,1.4214773037191117
ID_7FOIP4_20140407,2.116621077814167
ID_KUuBWZ_20151019,1.0669354189478173
ID_RSJxOi_20151214,2.145242157612039
ID_iMGAMm_20130520,7.692793778272684
ID_25blRS_20170507,9.785878262665442
ID_cZwe8i_20230305,3.4589273870291293
ID_7WHQuP_20220206,1.9151957460617275
ID_dAypcI_20231104,6.420250780211126
ID_r4zlCk_20180403,6.285751397291663
ID_pkc5aa_20130108,5.064618807985335
ID_mdLzKq_20121115,13.327248555479336
ID_MEA1Oa_20221008,0.7182785496816095
ID_kJ7hL2_20150519,4.00915101587217
ID_Yopv4t_20140605,-0.030998106071427098
ID_J3K49P_20150106,1.3124532309794976
ID_jj63MM_20100410,6.777888765594325
ID_YZtXuO_20140621,-0.004927576313806721
ID_83g20G_20131126,6.114233208285616
ID_XCBQE1_20140111,5.0214035330929185
ID_2k6xl0_20140725,0.832454880398023
ID_H5n51o_20101218,3.674235634467894
ID_jWR3TU_20171113,7.6567465513531845
ID_MpQcPF_20190219,1.4855047873654483
ID_B8AG6r_20160217,0.9300234628939046
ID_lvRyZX_20121220,12.862438992267778
ID_bVEZw6_20111220,3.877292101030906
ID_8QBnWW_20210106,5.25230929015739
ID_r8SKCB_20210703,-0.04470482532331368
ID_p5IdFN_20190518,2.209144075588609
ID_uF8lzV_20140706,0.009627367294669849
ID_gsDC3w_20101105,4.46693655042605
ID_czs2Ff_20151223,2.9638629343882057
ID_UrzcD2_20120413,1.857110495745004
ID_i7JtBm_20110102,9.861174583739182
ID_9rMHrx_20170501,6.161006290428795
ID_eO9rel_20181125,3.121144574610422
ID_c8gx29_20130505,18.688589442982902
ID_9uRQrt_20201102,6.728676731518959
ID_d0zztL_20170423,9.476083277648728
ID_CyAA9s_20120807,0.03115711290242633
ID_hgGR6s_20171031,4.054428450594726
ID_xKOQFD_20180826,1.0039783559721773
ID_zEuY13_20100120,3.4010209632207284
ID_beyGya_20131204,6.415657748078377
ID_jCMh7e_20200122,21.26085691433862
ID_WSaM1z_20111031,4.918251579855492
ID_TMx9ba_20100807,-0.01885773078591141
ID_tC77yr_20140603,0.23289426436158728
ID_cfAOrd_20110315,3.7990495339273656
ID_kqBe8W_20200520,0.49096991188085204
ID_OQI58P_20130430,16.58013652687179
ID_tM46Pa_20220507,5.464460032973331
ID_v5LsmC_20190622,-0.012537492991448263
ID_ZdeLiI_20191121,35.49429235653576
ID_1KnY8e_20171217,10.915658770796977
ID_N9vvvW_20160531,2.6455942233270617
ID_a4afIq_20200921,2.7734478044579287
ID_PuKHtO_20200411,6.082911525733948
ID_lzvYoS_20121015,3.121704588645894
ID_sYKEl0_20160622,0.3323252551614864
ID_49QdL1_20130120,3.1299396855327295
ID_B3ryMZ_20110602,1.1178453880492125
ID_TYljkZ_20190122,2.1142096945330877
ID_vUW74T_20180505,3.4169623118243018
ID_WKAzZZ_20190312,3.1702171201296285
ID_bf2vgp_20201119,13.511354528686082
ID_469QnQ_20150115,4.013920999043813
ID_idLasu_20190627,0.015608062478140904
ID_4eh1vI_20220704,-0.010558397109130816
ID_HgyADN_20161012,2.4024709845451913
ID_MNYloo_20160206,8.16705715743234
ID_bgrFCt_20150216,4.823361275424916
ID_ttTcVI_20120130,2.3472739531061273
ID_jpf5xB_20200528,1.2869829539993418
ID_NW6M2N_20191208,4.0197827705101075
ID_dnFwzT_20100803,-0.0078114221630022265
ID_z3Volr_20200601,2.555758042781427
ID_NT7RQC_20160131,2.1400752590377667
ID_l49L4C_20220409,2.7361308477452635
ID_eiu84f_20140208,4.690039573525091
ID_VN5qA2_20100716,0.012287303682763913
ID_kvKDGJ_20230315,2.884641138516399
ID_DFsj8v_20151125,1.7531086691639022
ID_gEjRcB_20220210,4.747297004075317
ID_v5wuPt_20120606,-0.03161037854771142
ID_PThXpI_20150214,4.897209808487821
ID_7avgnc_20180802,0.3143473577356826
ID_t71MR0_20110723,0.005701186543804672
ID_vgbHkj_20200625,0.3771837343267453
ID_Mk0McR_20140618,-0.02216938868853322
ID_liWy3W_20100520,0.1610177995109963
ID_icK6cn_20130815,0.06008599926648532
ID_ft0QYS_20140414,5.487775828664439
ID_IQ57xK_20211104,7.237865798528087
ID_tAJD93_20110409,5.146544879931859
ID_92SQzw_20220708,-0.033255338320842806
ID_Lmr18o_20110818,0.06008599926648532
ID_fWJzDq_20170513,5.456065668430239
ID_WFQh3F_20110327,0.5563568671385346
ID_2Zo3fR_20180831,0.967546468557466
ID_eHPMD4_20131120,6.415456471464529
ID_Rnxwj3_20181123,2.6242044141777763
ID_KOS5lP_20130122,1.196338305453669
ID_9Q1KDR_20180703,0.00837999210531826
ID_yFDAz2_20190516,1.8860585774332763
ID_F7wIHV_20140319,5.045858606314262
ID_sZH6Jy_20110328,3.199770200149816
ID_YREbcN_20180606,0.010471616747186396
ID_rB3knO_20190422,6.186224987714738
ID_q1tVhP_20201209,5.245748618865028
ID_wrjj0R_20230212,3.375119898175944
ID_63Z07Z_20120926,1.26130721453077
ID_Yldb0j_20200109,45.35493936971307
ID_U4m3HA_20150923,1.0680439303696876
ID_pf1dLJ_20100712,0.011148853470901372
ID_oUP8Zp_20201011,3.0409880748552918
ID_9xgV4b_20210918,2.3115399417095066
ID_OFM9lE_20181218,9.851987649264855
ID_dyEvh3_20211108,2.72673462670644
ID_2SQy8i_20220525,0.7976560845209199
ID_7oQKy1_20210615,8.005722624597044e-05
ID_NgOSu3_20170510,15.944518333447347
ID_YQaaI5_20150910,0.35317641642451225
ID_g6I6A5_20141224,4.038752737548165
ID_JqXGF5_20191229,28.77099416906114
ID_JRmrG0_20211001,4.345255645790392
ID_7WB25b_20190504,3.082328273543874
ID_WtqDtk_20230118,1.8558911067167991
ID_cS5UUr_20180725,1.630555834426968
ID_092ZqQ_20210806,0.3026929520687979
ID_Zb2OCv_20141006,3.3325147307283944
ID_NM9a8z_20170325,0.5076500735375048
ID_hBXDY5_20231009,3.632820115542058
ID_1IuBkc_20100711,0.012287303682763913
ID_QUIsNO_20180809,0.03593935441317182
ID_1GruvR_20181202,13.066708185902666
ID_fBaYlO_20170706,0.0038932994931350725
ID_NhLbns_20210422,16.089932743693545
ID_aNvc7u_20171018,2.616643212036752
ID_CJxJA7_20130719,0.015010298659783485
ID_MIW5tv_20220103,6.789067712949162
ID_Unl5wJ_20141005,3.2599774756862874
ID_e3AAbq_20150419,4.739596988648282
ID_oVeWce_20200702,0.03554297019053495
ID_mLkGCy_20140404,5.133374150578059
ID_eAhZ64_20191017,16.69761994798071
ID_hh8Hud_20101109,2.8450154771021174
ID_T6hs9n_20160430,6.758726576389621
ID_GYLPRa_20100616,0.012287303682763913
ID_WiZ4hP_20140927,3.089290589615767
ID_ZC96cW_20130923,0.7953061165394896
ID_le4Zgu_20121021,8.282935594191617
ID_WhOWY3_20140403,5.093886111905644
ID_tkn0dX_20181115,17.621385968677426
ID_yaEyVt_20170714,0.019912606606364583
ID_0ho5pC_20180626,0.5328061163747985
ID_VzQiLc_20160107,16.105725359348256
ID_yqEOiw_20180707,0.010471616747186396
ID_SLggOs_20190717,1.4520962196219465
ID_KAOtno_20151115,5.638265123363808
ID_tZwLNt_20230530,3.1854390989320374
ID_wOtFme_20131219,1.6089509351329823
ID_GKDq13_20190606,0.01022513111302728
ID_BrMXZc_20100602,2.311697507453099
ID_5oRpSf_20141124,10.453550265950092
ID_2IZ5C6_20170417,10.4275251375913
ID_zKrD86_20230219,2.505665104873812
ID_qfXioH_20151012,1.7168163270766539
ID_csVtcQ_20140513,1.1535859156583101
ID_I5m8xl_20130614,0.01906835715384804
ID_rVAorB_20160630,-0.0139938384027698
ID_vqowhf_20180401,6.703972931064899
ID_fJfmHH_20200322,2.5083868549485704
ID_iY6DA4_20230705,-0.032153201942647716
ID_XlXSAi_20140117,5.471171956892298
ID_Zj7bfu_20140830,0.17311087969526742
ID_wxAZmk_20100201,8.955481088439706
ID_u0IVjd_20120726,0.008992987108137063
ID_RbUNuS_20230625,-0.03103314502319149
ID_hThOlq_20120123,4.90190966970894
ID_aRcvF8_20130509,11.8950638829481
ID_N6dMQk_20101106,6.091933098633743
ID_XcrId1_20190829,0.07330853402882812
ID_l5Og4d_20180308,4.680454152286342
ID_QEug4X_20210613,-0.03418851601103339
ID_lT4rtv_20220724,0.4797212989461665
ID_38BHG6_20110511,8.457428585497436
ID_2U4m06_20100725,0.00879025089110426
ID_TYVrqE_20130209,5.268776834679615
ID_6ZXL2e_20220623,-0.5365378323474168
ID_LnVCY0_20210717,-0.03418851601103339
ID_1M9wgl_20210111,4.669618565776233
ID_1cASZR_20101102,4.880234014633654
ID_AiDEFh_20201204,11.252954060888376
ID_88slQl_20160628,-0.03874642549579234
ID_s4Yh5i_20121127,2.687583586666133
ID_rL5Ujz_20120423,7.249398118802849
ID_Ni6MMw_20180228,9.049299214031613
ID_R1dBWU_20160624,0.015571304362188393
ID_zNe1IS_20100731,-0.08511636497872359
ID_X30JM8_20130113,4.1317221997938045
ID_96r7wm_20200913,1.1741535747107859
ID_3tDL5P_20111111,17.391948293480493
ID_KF0uO9_20110720,0.015571304362188393
ID_zNp148_20210816,0.538570040232767
ID_myejcB_20200423,6.354064891758673
ID_B8LtK9_20111112,9.360597163517198
ID_W7YvW9_20100630,0.10696770981666774
ID_aT8pWA_20220121,23.249377004796347
ID_mOkkNu_20201225,7.3215855272528625
ID_arYjPK_20231123,8.976545902645832
ID_mAGNle_20211223,3.69275369041574
ID_GGMdKY_20101006,1.9958675279808862
ID_Ymn0W1_20161014,4.67405076057303
ID_xse7fk_20200204,30.665279492223988
ID_dm7tZ7_20110309,6.283186178015564
ID_HN5h4g_20101017,7.948183793450305
ID_JRcJEY_20121024,7.937462015064376
ID_oKkN79_20110620,0.01443285415032585
ID_Ay8vWt_20201001,4.2581944003281675
ID_o0nKIy_20130402,11.051166740204367
ID_L7CPHc_20100708,-0.028642714307142235
ID_LiJakW_20161209,7.025821298235483
ID_wdkv7n_20111208,7.133799166953375
ID_A1NMdu_20180307,0.2017700194404468
ID_Wy5zwE_20100928,1.462833823747826
ID_6vKGew_20200415,2.2879399426710454
ID_uDHXPq_20210612,-0.09684921883690685
ID_RLvGcw_20200328,5.3909073556581495
ID_LdTgrC_20200823,0.46820975140572857
ID_3JHsmy_20100422,9.34839760114887
ID_NtBKR7_20130316,3.487162088682072
ID_LQ0PXy_20230725,0.0032354282140878692
ID_QYRcFg_20100809,0.034770223720525975
ID_gU0JAu_20150321,6.244023541663475
ID_1ka8B0_20110920,1.7788221457507862
ID_ncCrbt_20221124,2.876830560458168
ID_6vQJj2_20190911,0.15357249676918697
ID_Y8Zg8U_20210801,-0.04470482532331368
ID_oEjyni_20120301,4.5659338018550235
ID_oTsubf_20200521,2.4249802909892066
ID_0Y1VNx_20110407,6.061091757715389
ID_jafIT6_20220501,8.546166376150653
ID_Tlw9kd_20110706,0.009627367294669849
ID_pVS5co_20211204,4.405024055722691
ID_P1dHd6_20130607,0.0006671830212739262
ID_B0tMLJ_20100718,0.012287303682763913
ID_PiO7e8_20170615,-0.0071645913236818345
ID_osmp0u_20141214,6.201209471546051
ID_JnLjVP_20110207,10.18694039230672
ID_qgr6Sc_20220529,-0.21600778085309075
ID_u4Z89i_20160219,6.2035220933540325
ID_tNiMPV_20230507,5.910679450528362
ID_CFIyuV_20151104,2.4359960391694013
ID_BEC1rS_20141219,2.8004558786232137
ID_Y9jhAU_20220703,-0.04470482532331368
ID_p933dT_20111013,3.4849498621054362
ID_94Vb4Y_20111210,4.4420203542034935
ID_NzxvYP_20140526,0.6753178319423021
ID_OXpnlA_20220514,1.9815964603190095
ID_kaatE8_20200924,0.8608479007542859
ID_lrJpCL_20160512,0.7420926252501052
ID_4WwcVS_20210606,-0.04362950587021159
ID_Zl0zrc_20220301,28.14435001373983
ID_jMF34U_20101111,4.381195957046213
ID_1wZPD6_20210826,2.8120059005253184
ID_ZJ71gF_20220715,0.0010963624150120124
ID_7tpnsH_20100424,4.894034763145339
ID_u0JMXO_20120818,0.19502055571932436
ID_eLkW65_20180522,3.0158955411903317
ID_2jW6CU_20160701,0.8309663912432717
ID_lhYwSR_20141101,11.217129062471981
ID_tOTlHK_20190727,0.29793908081911086
ID_V5zPUV_20240101,2.355226319874606
ID_melxBz_20150223,6.9846686597647585
ID_6nc04s_20201231,4.190254154721197
ID_hQe7Lg_20210402,3.5660368259144715
ID_1mJsjd_20191102,5.598538378572669
ID_n6Fyio_20220907,0.040157440224127275
ID_b4dMW7_20150527,0.23100379437215732
ID_Cg2hDn_20190217,2.884804930859638
ID_wyE8O3_20150509,3.3641105416125208
ID_emoElm_20101123,3.842134912829799
ID_aemiX0_20110828,0.202507157998103
ID_IqG4W1_20210928,3.833961101399621
ID_yTbaWH_20180912,2.857559601725421
ID_OQqFVx_20210917,3.0687804939447685
ID_RU6IUX_20150528,0.7182113242755797
ID_GpzmAL_20131208,13.625078999831578
ID_QVw3mj_20180330,2.5251896363021915
ID_IGUY07_20220101,8.559100049793892
ID_ElCINF_20190730,0.009667401418997672
ID_t8Wpgi_20200410,9.541576042288563
ID_KcsRmh_20150203,4.652136283234974
ID_63rf89_20141105,17.450638329879748
ID_sBXIM9_20120229,9.353566051836188
ID_UAKu1R_20190130,1.500214404533539
ID_hanVjR_20230821,0.033224530165076996
ID_homwb9_20200225,6.061893269354604
ID_2alnSj_20120521,1.2630029275101218
ID_BXSbpT_20231002,1.670947084148477
ID_85iYr2_20211226,8.768423100503432
ID_FqGOqL_20150501,1.618577740428803
ID_Tr8QuG_20100315,10.99183776337343
ID_ZC5Goj_20161128,8.499235554245129
ID_xR3h05_20140320,3.390525629413671
ID_nVBvSm_20131225,14.02980254724805
ID_23RIhM_20180905,1.058212469427335
ID_A70BR3_20100403,8.313063117961555
ID_3QTflT_20221024,4.818161840993021
ID_DwfmF1_20201220,7.958199949770688
ID_iYG32g_20180903,1.0430650688263197
ID_ksw44L_20220406,2.8566812492189304
ID_udOlj9_20150218,7.678562007853102
ID_RVEdLr_20110510,5.313980859838274
ID_eWYxe7_20190112,4.537404240325048
ID_DeahcF_20160417,13.636059511482852
ID_9QHQBP_20131003,1.7829003801425929
ID_0SJKaa_20130310,5.420280955579869
ID_oxzw86_20140212,3.279059283845536
ID_bSZYX9_20130624,-0.026804891692055424
ID_jjMC4m_20231124,20.107792836717707
ID_hy1de7_20151116,8.155952415793049
ID_RAB0ZA_20220208,2.6859749718748063
ID_JKNtcy_20160327,5.611870559399405
ID_g67rhV_20110911,1.0915518337554089
ID_1xt3Jv_20201016,4.15377658346404
ID_PVzT72_20150119,2.4286694670269577
ID_Cipuqi_20150108,2.2279234521317925
ID_x2L3dL_20141012,3.945270524281226
ID_GYxpGm_20191219,8.548210380548285
ID_GnRFzC_20211021,5.0636450138073
ID_QPYm4r_20210215,3.6469978087066695
ID_i0OGaK_20200416,8.517370291357048
ID_M0TvXB_20120519,1.0586293857785127
ID_OiQqEC_20171028,19.45578241374021
ID_O4hulW_20121108,3.643508660517541
ID_plwHf7_20170323,8.638106192308312
ID_5yxATb_20101223,4.11733624784472
ID_lMzjZe_20130308,7.990855517879379
ID_mnTzwv_20190222,3.5817016459629274
ID_T8f7IM_20130828,3.2406178619031922
ID_7Kc4tO_20150521,2.071995038168585
ID_KiOTLq_20141103,3.680847920774065
ID_oJ8Ftp_20211112,2.7336053643243785
ID_zBvfon_20180311,3.024041228253211
ID_Ouns3a_20221123,6.259286757388784
ID_ajfZiM_20200627,0.6737916931985298
ID_yFKqBb_20130922,0.20385362459473075
ID_fTJRFg_20180317,3.430465029619376
ID_evLUbn_20101129,3.714717621848495
ID_wwUQeJ_20131107,6.929883277644662
ID_rlzkF7_20171120,5.345501996271048
ID_O6G6ns_20141008,4.83545215289587
ID_3vdPy4_20130612,0.01906835715384804
ID_g3uA77_20200726,0.013855665539161498
ID_Q9MvwS_20141109,2.9057423800760893
ID_kNxrEq_20130121,2.3379842334862633
ID_W3MaAP_20191215,4.439392074892278
ID_PxCRNk_20200327,24.827863644682484
ID_Bj7JXU_20231208,17.52948840296911
ID_kL743u_20170205,1.0444431761483655
ID_zn2LI3_20230411,3.4319173735433375
ID_4kk5dg_20140131,8.719376604215661
ID_MueWf2_20110322,1.5866397203217837
ID_4apIGD_20181120,12.203451630764754
ID_xpSHic_20201030,35.92282830954758
ID_DHWFOu_20110329,3.2915769240764923
ID_I7Z4If_20210627,1.6679140682829823
ID_W4y16Q_20220604,0.3791920674711154
ID_u4u06z_20200128,13.30992751421814
ID_uRUSlU_20100115,3.5696928254128184
ID_RHQIE9_20201117,11.42774469545255
ID_9MQt7C_20120803,0.00855204784156776
ID_RIJFeP_20100905,0.4353548834684847
ID_kPIg9i_20210405,5.480818396003624
ID_fjO1ZI_20101227,5.745736485914617
ID_cLADJT_20230117,3.505563240433405
ID_NYraie_20160202,3.064609934530493
ID_GsM9pn_20220110,5.588672304161012
ID_EVYbAq_20200616,0.09285903741048171
ID_fD4JXe_20170130,1.835248265453038
ID_pmJhpq_20190220,2.315184795464887
ID_bWB3jG_20160905,1.8106143225154898
ID_xzn1hv_20221222,3.3336024598971066
ID_VBsWVW_20131222,2.2784523740781566
ID_DEMyTi_20230907,1.1010372034344147
ID_r2eujW_20180321,6.600016402903245
ID_bozIUh_20110506,10.67598666578804
ID_FkQDca_20120512,7.528203974186277
ID_QfUlZi_20150307,4.364465599625078
ID_GBiPag_20230322,4.490687003876285
ID_IgMd8M_20150805,0.4914075364909419
ID_T35NYC_20191101,3.3984717651733356
ID_0KVftp_20220117,7.146879619406755
ID_1sLg7E_20130924,0.8420723792903752
ID_HuNSLR_20150728,-0.025181738252171612
ID_5JRQa0_20110522,3.786326155691767
ID_e2BdVX_20170916,0.29312697404195537
ID_2LqMAW_20100126,3.462866348626666
ID_43exNX_20201109,23.119332093469787
ID_O3H8KA_20130507,8.034473801416933
ID_FUMhEP_20130118,2.7806722238344412
ID_dM3NBS_20220106,1.8629486044724022
ID_2VGzMa_20191111,9.258146754772373
ID_zFIsMf_20140108,4.258031846635765
ID_RljvMS_20230209,1.0681554420158126
ID_LKJM8a_20180723,0.005406985784458659
ID_nW2eGl_20110310,3.242981965824674
ID_rIabbE_20151209,8.05006812814215
ID_3Qa0DY_20190206,1.4588078022888018
ID_kzIZU8_20200811,0.05348413147104378
ID_HMnjXI_20160104,9.511023439785898
ID_rR4GZe_20140709,0.02014367660695013
ID_9WZ20o_20190214,18.678799483346545
ID_2onNw3_20200816,0.053511072811631435
ID_P5tpF3_20181231,14.409906128022817
ID_i8fbuM_20221017,2.3000765156923473
ID_ucJD2Q_20130107,4.639375917550489
ID_bJnk43_20140419,2.3576528872818
ID_5qY0Pc_20140428,3.6430460602430434
ID_dUn7Eb_20190906,1.1754656757879287
ID_FXuMRr_20210123,3.391000542628896
ID_myKCYt_20100606,1.5580495476538723
ID_fj4ceZ_20220511,3.0719246203617754
ID_SKxpaX_20150411,1.6621358860061195
ID_suJ9Of_20110908,0.19793901129850766
ID_EHNfrl_20111006,4.1241921764486555
ID_T8kBnP_20221105,15.601777369350032
ID_cpn5Mo_20141115,11.490247744860794
ID_aOuG7Z_20121204,2.9610943270341674
ID_mDcwtT_20190618,0.0313747189254768
ID_kNmQ3F_20200711,6.793234554725011
ID_Yk99Uo_20211117,2.8846862507171354
ID_ktIfq6_20150723,0.027613130582195694
ID_dAHbg4_20101127,14.326147937606352
ID_UjCePZ_20220523,-0.6981342214712449
ID_WXtNpb_20220906,0.06674777487082502
ID_aFTL7S_20170928,14.96533872250657
ID_U33rGi_20110915,2.033996909777478
ID_AzltnV_20200907,2.333211644996117
ID_SI72DY_20230204,6.795813350541332
ID_tBNYIF_20200821,0.1932186306353329
ID_NpO0cX_20210417,3.9086891717792116
ID_qB7QE5_20150904,0.2570601667435564
ID_1dYI61_20150705,0.050679619152886796
ID_LWwgkw_20180821,0.08367159783792483
ID_HR13rk_20120126,7.395891120995365
ID_zkRrTe_20110603,0.4918330146600317
ID_4UAuG3_20220506,12.6291904458848
ID_kPj910_20100202,4.591256574096144
ID_V3Wvlp_20180619,0.5017489703535556
ID_m20iw2_20221030,2.8172462310092445
ID_iFDY7O_20130303,5.64237731093524
ID_fS0y8q_20120115,3.505830405281319
ID_5Z5tLY_20140228,6.613335566722921
ID_VJcb0b_20230327,32.09234652318377
ID_l89CkN_20141116,10.141080545759948
ID_C57Ccn_20220425,4.1083439946838025
ID_kNbbvr_20120223,3.0181723994967786
ID_jvd36P_20181102,14.995901962317223
ID_YaKWjD_20170318,2.1601586811640354
ID_W2Dc9t_20100818,0.05988326304945252
ID_PxYYIc_20120507,18.426985076141044
ID_IZl4DF_20140612,0.08640683244640955
ID_qDYJbt_20200531,1.6178119862901175
ID_2EWolC_20210520,1.9866585186925856
ID_NpxJLA_20110213,2.989871021143482
ID_zG0OzB_20100620,0.00879025089110426
ID_p87Wgu_20110625,0.015571304362188393
ID_pTo0MP_20201026,5.289385303693842
ID_AXB7Nn_20160819,2.4280055595882435
ID_nDimzN_20181012,15.799336649117324
ID_mwFCGc_20110906,0.12677797943379238
ID_UeUmIn_20140606,0.17304489102133175
ID_KaUTR9_20161020,4.205607236538295
ID_6ALv01_20191127,49.140694792039696
ID_N2yLYm_20130307,9.147883296120435
ID_FOnCSp_20200201,4.185453266092567
ID_5KiB7G_20230409,4.623983214652223
ID_Mu0KnR_20230614,1.4292609340275415
ID_0TMqrF_20151215,10.252637218762901
ID_lskS2C_20190610,0.21939182862022497
ID_FHsjP1_20170820,0.06401151318139355
ID_rJ5GqU_20110719,0.013993993471017445
ID_Ohj1Gx_20210812,0.025029162587787937
ID_1ttOYv_20211126,3.5447518050456064
ID_pm7bs9_20190528,1.0647108002173264
ID_rLrp6t_20140515,1.5324778465570414
ID_KDLUzP_20140609,0.5160327116748556
ID_87jBqE_20160210,5.360126298693879
ID_wj9Xip_20231021,3.0311141165987436
ID_kZjYmJ_20200105,7.814894906426498
ID_Xv1VaP_20180730,1.7513543949647
ID_G8CruM_20150426,3.473957914651845
ID_2lnlgt_20211018,2.692884516558948
ID_ad9Rp5_20170223,1.7662533424789728
ID_AcWEAQ_20140210,6.838874830328683
ID_I98JA2_20130318,8.687232952667093
ID_d1qDR3_20140326,29.35699419601348
ID_HPZvJC_20101122,7.533057194364415
ID_n3MoEB_20121117,22.93872700853363
ID_JvVI92_20180628,-0.0022264422661798155
ID_Was6NB_20220204,9.023186939886047
ID_sSb77i_20180427,3.6609978608673246
ID_HjDY3M_20140416,4.36136366393483
ID_RSx4aP_20140615,0.038141943615299566
ID_TbmiZR_20130411,4.099223546821838
ID_URsxjg_20110913,0.7897220889982287
ID_XidyM5_20231008,1.9505805094498647
ID_hbIiCr_20200808,-0.03263728663285231
ID_JA0o1F_20140122,5.370605653489182
ID_AebPIR_20130404,26.783651843778063
ID_iagHwY_20101125,4.997907781898745
ID_SuMkHb_20111011,2.7494036150043226
ID_9IbbaX_20120616,0.01906835715384804
ID_YNp7dI_20140512,9.325541513129975
ID_9teJw2_20130128,7.323423574152677
ID_5qgjHj_20150816,0.0903713449726907
ID_F7lgsk_20230103,10.180730805408047
ID_P51Tps_20150607,-0.05410530359857889
ID_ttAYCM_20221010,4.613592724926372
ID_dOM4QW_20210319,5.473957945569322
ID_nbl3IB_20221126,12.976421460673972
ID_tNLTKd_20190726,0.3337849649475612
ID_fMyetD_20190716,2.0712998461054895
ID_Ve0Wpj_20160302,12.51098243880855
ID_vQLct5_20171207,2.469907863368789
ID_wtx6fR_20180222,16.057510548998074
ID_91YanI_20121020,4.375084449997414
ID_7GEGbE_20220531,1.00599202761012
ID_qdIhNE_20161117,7.2829217098112995
ID_24Kf0b_20210815,-0.08404371284628477
ID_kJHNRw_20171212,4.840084414983853
ID_FGRsSD_20150208,10.338731029507498
ID_FQCZLF_20120320,8.039816912651704
ID_saBFTY_20230722,-0.03103314502319149
ID_puNO2D_20120905,0.24905075528370393
ID_vGsNOZ_20230506,6.428239719893285
ID_wU5jOi_20180806,0.010349471724089895
ID_UTIwtn_20160702,0.7424748247498805
ID_9mAhKP_20150526,0.3648561075335926
ID_W9y2qX_20170302,2.418381848432009
ID_xo7cAz_20161121,31.761863263741862
ID_CEP2l1_20161130,4.928850338121357
ID_CbVaZn_20160815,0.06000470746131793
ID_7zGfZp_20230610,3.4183458426526037
ID_Isu8bg_20221028,7.758191144098369
ID_4PNIAe_20100624,0.0022119336370529387
ID_mzEln9_20150204,4.737554638596675
ID_5xADte_20210825,2.1246338368980604
ID_x0CEv6_20140529,0.3746110939551559
ID_JjzPiF_20230415,5.601493343261905
ID_NErjxY_20100806,-0.04038747639366789
ID_Ny680f_20220612,-0.035945387896701916
ID_0hJOa5_20221101,5.121264279048681
ID_6QLpiF_20131215,5.626268966641538
ID_8tF15O_20111122,3.3730757194600347
ID_AAWV6y_20190907,0.5771965000876862
ID_VjdphP_20160605,1.644211348493086
ID_5PkcqO_20200608,1.0150206996081879
ID_hGQUYi_20130111,8.383767791652751
ID_6qf5LE_20220522,10.817325753237808
ID_vJ5h3K_20120329,14.381435980719758
